short-term,long-term
0.8713299999999998,0.7836599999999998
0.8450500000000006,0.7841500000000002
0.8740400000000004,0.7804099999999999
0.88518,0.8218800000000005
0.8171900000000004,0.76944
0.8873499999999999,0.8238500000000001
0.8846299999999999,0.83083
0.8669100000000002,0.7721799999999999
0.88639,0.8141999999999999
0.8715299999999998,0.8125700000000003
0.8541600000000001,0.78566
0.8262200000000004,0.7350200000000001
0.8625000000000003,0.7619000000000004
0.8906700000000002,0.8101799999999999
0.8681000000000002,0.7731099999999997
0.8799499999999999,0.7771599999999999
0.8669499999999996,0.73568
0.8719399999999999,0.7621199999999996
0.8701399999999998,0.7805500000000002
0.80357,0.72155
0.8727600000000001,0.7643299999999995
0.8760200000000001,0.8276600000000005
0.8617499999999997,0.77276
0.89555,0.8184499999999999
0.8813400000000002,0.8117699999999998
0.89426,0.8190500000000002
0.8357600000000002,0.7505100000000003
0.8841699999999999,0.8263400000000002
0.8644300000000001,0.7434499999999999
0.86163,0.7697800000000001
0.8339599999999998,0.71927
0.89295,0.8335000000000001
0.8790999999999998,0.8037199999999999
0.8514299999999999,0.7885899999999997
0.85718,0.77136
0.8373599999999999,0.7644100000000001
0.8705800000000002,0.7748
0.8689,0.7959299999999998
0.8847899999999999,0.7889399999999999
0.8819400000000001,0.8224100000000001
0.8771699999999997,0.7823699999999999
0.8469,0.7800299999999999
0.8756500000000007,0.81926
0.8437600000000001,0.7389699999999995
0.8342300000000001,0.7585999999999999
0.8746200000000002,0.8031499999999997
0.8672400000000002,0.79318
0.8843200000000006,0.8029599999999998
0.8572300000000004,0.7581399999999995
0.8960599999999996,0.78039
0.8396199999999997,0.7603899999999999
0.8839800000000001,0.80601
0.80533,0.7337499999999997
0.8771899999999999,0.77167
0.8472899999999999,0.7943399999999998
0.8512100000000001,0.7881700000000003
0.8608099999999999,0.8004300000000002
0.8966900000000001,0.8042599999999999
0.8860100000000003,0.8065900000000003
0.8831299999999997,0.78105
0.8409100000000003,0.7546199999999998
0.8716099999999998,0.8080200000000002
0.8666800000000003,0.82229
0.8886399999999999,0.7964699999999998
0.8870900000000003,0.79645
0.87104,0.7770100000000002
0.8664300000000003,0.7412500000000002
0.8591600000000003,0.7586200000000002
0.8701200000000001,0.7944599999999999
0.8565699999999998,0.7663400000000001
0.8597000000000002,0.7429600000000001
0.8502500000000001,0.7685399999999999
0.8656800000000004,0.7885700000000003
0.8710700000000002,0.8071300000000003
0.8865299999999999,0.8168700000000001
0.8642900000000006,0.8070500000000002
0.89229,0.82198
0.87517,0.8298600000000004
0.84839,0.7892000000000003
0.8977799999999998,0.8163600000000001
0.8854600000000005,0.8040700000000003
0.8011700000000002,0.7015300000000002
0.8440100000000001,0.76453
0.8672200000000001,0.7746599999999997
0.87724,0.7734800000000002
0.8335099999999995,0.7422499999999999
0.8729799999999999,0.8082600000000001
0.8462700000000002,0.7292199999999996
0.8632599999999999,0.80012
0.8652599999999998,0.7940999999999998
0.87154,0.7623199999999999
0.8863999999999999,0.81002
0.87016,0.7581499999999999
0.8394199999999998,0.7425699999999997
0.8880100000000003,0.8000099999999997
0.87578,0.7664600000000005
0.85423,0.7902699999999997
0.8299200000000007,0.7388199999999999
0.8724299999999999,0.7936300000000003
0.8820200000000001,0.7709299999999998
0.8857,0.7923399999999998
0.8798999999999998,0.7571700000000001
0.8060799999999996,0.7118499999999998
0.8504200000000003,0.7415599999999998
0.8418799999999999,0.7074299999999998
0.8636500000000001,0.7883700000000001
0.8707699999999997,0.8141399999999999
0.8374799999999998,0.7688799999999998
0.83469,0.73496
0.8356800000000003,0.7739
0.8982100000000002,0.8204099999999996
0.8828599999999998,0.7854799999999996
0.8288500000000002,0.72352
0.8720800000000001,0.8163100000000003
0.8499199999999999,0.78298
0.8452999999999995,0.7599099999999998
0.8589299999999997,0.79102
0.8805700000000002,0.7808499999999995
0.8445100000000005,0.7629499999999997
0.8887400000000001,0.7992699999999996
0.8466100000000002,0.7438299999999998
0.8407200000000004,0.7603199999999997
0.8452199999999993,0.7420299999999999
0.8515799999999999,0.75361
0.8631000000000003,0.7959299999999999
0.8915899999999999,0.82257
0.8570300000000004,0.79077
0.7749399999999995,0.8061399999999997
0.8495500000000002,0.76299
0.8608600000000003,0.73682
0.8801599999999997,0.7912400000000004
0.8951300000000001,0.8533000000000004
0.8348399999999999,0.7690300000000002
0.8416799999999998,0.8135799999999999
0.8812700000000001,0.7963300000000001
0.8427600000000001,0.7642900000000005
0.8887,0.8244800000000001
0.8331599999999999,0.7550599999999998
0.8733299999999998,0.8191200000000005
0.8147400000000004,0.7762400000000003
0.8643399999999999,0.7848700000000001
0.8864800000000004,0.8056300000000001
0.8758900000000003,0.7965699999999998
0.83854,0.7417399999999996
0.87131,0.7950800000000001
0.8491400000000001,0.7990799999999999
0.8596500000000011,0.7795900000000002
0.8804500000000002,0.7357999999999997
0.86629,0.7718800000000001
0.88504,0.7867899999999999
0.8638600000000004,0.7727200000000001
0.8388899999999996,0.7502499999999995
0.83841,0.7606700000000004
0.8829000000000004,0.8095899999999997
0.85008,0.7682299999999997
0.8499999999999999,0.7617900000000002
0.7985899999999998,0.6952999999999999
0.8535600000000003,0.82305
0.8765100000000006,0.7864200000000001
0.8418900000000002,0.74251
0.8740600000000001,0.7977899999999998
0.8520299999999998,0.7583899999999999
0.8210500000000002,0.6997599999999998
0.8607499999999999,0.79307
0.8735800000000005,0.8181900000000003
0.8479999999999999,0.7453299999999997
0.8543,0.7757700000000001
0.8555899999999999,0.7663199999999998
0.9013100000000001,0.8380800000000002
0.8150100000000002,0.7594899999999999
0.8695499999999999,0.79265
0.83931,0.7400199999999999
0.8887400000000002,0.8129100000000001
0.8258899999999998,0.7212
0.8707,0.7756899999999998
0.85781,0.7702600000000003
0.8580100000000003,0.79466
0.82505,0.72969
0.8664799999999996,0.7609999999999998
0.88402,0.8065600000000002
0.8634099999999998,0.8018799999999999
0.85091,0.7114999999999996
0.8241500000000002,0.7249199999999998
0.8364300000000003,0.7523699999999998
0.8973900000000004,0.8401700000000001
0.89044,0.8111799999999998
0.8852999999999998,0.7793699999999998
0.8423400000000004,0.7907599999999998
0.83226,0.7400899999999997
0.85758,0.7551100000000001
0.8660700000000001,0.76452
0.8699300000000001,0.7882399999999997
0.8514599999999996,0.7589500000000001
0.8430699999999999,0.7434700000000002
0.8780200000000002,0.7616299999999998
0.7915400000000004,0.5910400000000001
0.8740099999999997,0.8147099999999996
0.8249700000000004,0.71
0.89015,0.8138200000000002
0.8273900000000002,0.7639999999999998
0.85006,0.7837299999999998
0.8358400000000004,0.76007
0.85764,0.7911500000000004
0.8618399999999999,0.73945
0.8774100000000005,0.7896599999999995
0.8784200000000003,0.7940599999999999
0.8463300000000001,0.7362299999999999
0.82851,0.7540399999999998
0.8733700000000002,0.7954899999999999
0.8120499999999997,0.7552599999999998
0.8676400000000001,0.8030800000000003
0.8285199999999996,0.76619
0.8599700000000001,0.7716299999999998
0.8381100000000002,0.7327800000000002
0.8323000000000002,0.7446099999999996
0.8820299999999999,0.8297900000000002
0.88283,0.8051500000000003
0.8406099999999996,0.7669599999999999
0.8875900000000001,0.8147200000000001
0.8718100000000001,0.7980200000000002
0.8892500000000005,0.79633
0.86237,0.7778499999999999
0.87682,0.74889
0.8872399999999998,0.8225100000000005
0.85417,0.7576500000000002
0.8843200000000002,0.7981900000000003
0.88656,0.8135700000000002
0.8616799999999999,0.7882399999999999
0.8725199999999999,0.8133599999999999
0.85834,0.7614199999999995
0.8774099999999997,0.79513
0.8668999999999998,0.78012
0.8832500000000002,0.7889600000000001
0.8186500000000003,0.68953
0.8532799999999999,0.7700400000000002
0.88,0.8105200000000002
0.8393199999999998,0.7719300000000001
0.8493799999999997,0.7771000000000001
0.8724500000000002,0.83844
0.85909,0.7755799999999999
0.8321400000000004,0.7565799999999999
0.8099400000000001,0.7050500000000001
0.8562799999999998,0.7569400000000002
0.8025700000000002,0.6848399999999998
0.8586400000000003,0.79482
0.8622500000000006,0.7715400000000001
0.8493900000000005,0.7865000000000003
0.8419500000000001,0.7549800000000001
0.83611,0.7541899999999997
0.8425800000000002,0.7581199999999997
0.8841699999999999,0.7926400000000001
0.8927499999999999,0.81655
0.8135100000000002,0.7071800000000001
0.8562499999999996,0.7863799999999999
0.8476500000000001,0.7596100000000001
0.8763399999999999,0.77613
0.9015900000000002,0.7993200000000001
0.8755999999999999,0.78653
0.8501000000000001,0.7147099999999997
0.8748799999999999,0.7592999999999998
0.8227999999999999,0.7198100000000003
0.8487,0.77295
0.8304400000000001,0.7454399999999999
0.8872099999999997,0.7953000000000001
0.8498299999999999,0.7683100000000002
0.84845,0.72342
0.9017099999999997,0.8322900000000003
0.8832999999999999,0.7948300000000004
0.8967400000000001,0.83778
0.8777100000000001,0.7456499999999998
0.8641200000000001,0.8168700000000001
0.8249200000000001,0.7397600000000003
0.8839300000000001,0.79041
0.83408,0.7552999999999999
0.8123099999999996,0.7072499999999997
0.8375300000000003,0.74519
0.8064699999999998,0.7573000000000001
0.8488500000000001,0.7427900000000001
0.8613200000000001,0.7863300000000002
0.8246199999999996,0.7284500000000003
0.8270300000000003,0.7445300000000001
0.81802,0.6952799999999999
0.8759600000000001,0.7814499999999999
0.82093,0.7255699999999997
0.8315300000000003,0.7658699999999997
0.8791400000000003,0.81363
0.83904,0.7246199999999999
0.8899900000000001,0.8424800000000002
0.8601800000000001,0.7785700000000003
0.8667000000000001,0.7884199999999999
0.8906199999999999,0.7999899999999998
0.8897899999999994,0.7913100000000003
0.8400599999999998,0.77591
0.8801199999999999,0.7830400000000002
0.8979199999999996,0.8226700000000001
0.88005,0.7852399999999997
0.8755900000000004,0.79936
0.9064999999999995,0.8268400000000001
0.8188500000000002,0.7136400000000002
0.8751700000000001,0.7884899999999996
0.8194300000000001,0.7533400000000001
0.8875400000000002,0.82053
0.8695900000000003,0.78998
0.8741000000000001,0.81808
0.8391400000000001,0.7556100000000002
0.8657300000000002,0.7742000000000001
0.86838,0.7821000000000001
0.8891500000000001,0.8083500000000002
0.8864799999999999,0.7997399999999999
0.8920800000000003,0.82167
0.8901099999999996,0.8110499999999994
0.8769499999999998,0.7859899999999999
0.8601100000000003,0.80314
0.83315,0.7698699999999996
0.8472800000000005,0.7574400000000001
0.8897599999999997,0.7975000000000003
0.8964699999999994,0.7930800000000003
0.8733300000000003,0.77228
0.8790700000000004,0.8240700000000003
0.8409599999999999,0.7763300000000002
0.8924500000000001,0.8202499999999999
0.87711,0.8365800000000003
0.89726,0.8123000000000001
0.8272599999999999,0.73472
0.8128699999999999,0.6981
0.8741800000000001,0.7963599999999998
0.81308,0.74444
0.8370400000000002,0.7638900000000001
0.8886599999999996,0.7963200000000005
0.8444999999999996,0.7828200000000001
0.8489499999999995,0.73839
0.8404999999999997,0.7512499999999999
0.8775400000000002,0.8094399999999999
0.8625899999999997,0.7799700000000003
0.88645,0.8082199999999997
0.8585799999999998,0.7944000000000002
0.8561500000000002,0.7626900000000003
0.8230900000000002,0.71969
0.8626,0.7824800000000001
0.8786400000000002,0.82973
0.8199599999999999,0.6522
0.8619000000000002,0.7702000000000001
0.8844399999999999,0.8015199999999999
0.8760800000000001,0.7893400000000002
0.8438500000000003,0.7882499999999999
0.8727900000000001,0.7899799999999996
0.8694999999999996,0.7897400000000002
0.8381400000000001,0.7792300000000003
0.8656599999999999,0.8141400000000002
0.8550500000000001,0.7864899999999996
0.81541,0.7022400000000001
0.9005000000000001,0.8182199999999998
0.8886800000000001,0.8198799999999998
0.8338999999999998,0.7171500000000001
0.8588099999999999,0.7447700000000002
0.83674,0.7429699999999994
0.8805500000000004,0.8224099999999999
0.8574499999999997,0.7854900000000002
0.8480999999999997,0.7681499999999999
0.8662400000000001,0.7951400000000001
0.8700500000000002,0.7893100000000001
0.8938900000000001,0.8325700000000004
0.8478200000000004,0.7697299999999998
0.8581000000000003,0.7524700000000003
0.8408500000000003,0.7533999999999996
0.8695299999999996,0.7861900000000003
0.8510199999999998,0.7707699999999997
0.8867099999999999,0.8269200000000002
0.8834100000000003,0.8186900000000001
0.8636500000000003,0.8154599999999997
0.8491800000000004,0.7516300000000001
0.8840099999999999,0.7665999999999997
0.8447300000000003,0.7722999999999999
0.8681199999999998,0.78374
0.8115200000000005,0.7423299999999999
0.8354700000000002,0.7761100000000003
0.8847799999999998,0.7902800000000001
0.8923899999999999,0.7893799999999999
0.8787199999999996,0.81182
0.83828,0.73658
0.8452800000000003,0.7608799999999999
0.8738599999999996,0.8078399999999998
0.8372600000000001,0.7145599999999994
0.8861399999999999,0.7955200000000003
0.8786200000000005,0.7990999999999999
0.8892799999999998,0.8197800000000001
0.8837500000000001,0.8000499999999999
0.83316,0.7458899999999999
0.8672500000000002,0.7894099999999998
0.8917400000000002,0.8095100000000001
0.8244700000000001,0.7584399999999999
0.8235200000000004,0.6983399999999998
0.8545199999999998,0.7903800000000001
0.8915900000000001,0.84608
0.8811500000000001,0.7991199999999999
0.8673700000000001,0.7852699999999997
0.8406799999999999,0.7996900000000002
0.82711,0.7601500000000001
0.8346399999999997,0.7624599999999998
0.81479,0.7163199999999997
0.8263900000000001,0.7443000000000002
0.83236,0.7381699999999998
0.8669200000000002,0.8015599999999999
0.8705300000000002,0.7853500000000001
0.8448300000000001,0.7641699999999999
0.8496299999999999,0.7729699999999998
0.8669500000000001,0.78468
0.8302400000000002,0.7433
0.8704799999999996,0.7498
0.8318600000000003,0.7374199999999997
0.8865999999999997,0.8131899999999999
0.8794799999999998,0.7934700000000002
0.8323,0.7488600000000001
0.8393499999999997,0.7583299999999998
0.8107500000000003,0.6927899999999998
0.8667900000000001,0.7780400000000001
0.8442200000000003,0.7912899999999997
0.87726,0.7775500000000001
0.8502700000000004,0.7644900000000001
0.8256699999999997,0.76315
0.8860800000000003,0.8292400000000001
0.8462200000000003,0.7790800000000001
0.8595300000000001,0.76824
0.8291099999999997,0.7687
0.8686300000000001,0.79864
0.8842000000000004,0.7750099999999998
0.8828299999999999,0.79549
0.8241300000000003,0.7456499999999998
0.8800499999999998,0.7719699999999997
0.82034,0.74924
0.8983500000000002,0.8339399999999999
0.8959900000000003,0.8283399999999997
0.88571,0.8103099999999998
0.8880199999999999,0.79995
0.87768,0.8106900000000001
0.8778199999999999,0.7939699999999996
0.8533300000000003,0.7737099999999999
0.8816900000000001,0.8094800000000002
0.8863199999999998,0.8127
0.8432200000000001,0.75806
0.8094800000000001,0.69717
0.8650900000000002,0.77345
0.8922399999999997,0.8143399999999998
0.8700199999999998,0.7866399999999998
0.8480700000000002,0.70167
0.8506799999999997,0.7612500000000003
0.8645700000000004,0.7718299999999999
0.8026000000000006,0.7244999999999999
0.8418300000000003,0.74485
0.8513100000000002,0.77307
0.8474800000000002,0.7950299999999997
0.8569899999999996,0.76343
0.8554699999999998,0.7688600000000001
0.8892700000000004,0.8254300000000002
0.8221700000000002,0.7664900000000001
0.8425600000000002,0.7765899999999999
0.8833700000000004,0.8117600000000001
0.8603300000000003,0.78014
0.8818299999999998,0.7749700000000002
0.8692200000000001,0.7792699999999999
0.8482000000000001,0.7380199999999999
0.87598,0.8066499999999999
0.8761799999999998,0.7904900000000002
0.8482900000000003,0.7429599999999996
0.8785,0.7921099999999999
0.86919,0.7973299999999999
0.8624800000000001,0.7995299999999999
0.88743,0.7861599999999997
0.8147199999999998,0.73859
0.8383100000000002,0.7552000000000002
0.84812,0.7759599999999997
0.8495199999999999,0.73956
0.8395100000000001,0.7729800000000006
0.8295899999999997,0.6882699999999999
0.8700600000000001,0.77404
0.8745900000000003,0.8179600000000002
0.8463799999999996,0.7775899999999999
0.8298099999999999,0.7466399999999999
0.8436199999999999,0.76874
0.8273300000000002,0.74481
0.8280199999999996,0.7262900000000002
0.81331,0.7521300000000001
0.8611499999999999,0.7944600000000002
0.8952399999999997,0.8260399999999997
0.8522900000000004,0.76244
0.8174299999999997,0.7295399999999997
0.8897600000000003,0.81408
0.8805500000000002,0.81297
0.7984300000000003,0.7271899999999998
0.8912300000000003,0.791
0.8858799999999998,0.7883099999999998
0.8623299999999996,0.7709100000000001
0.8247099999999999,0.72382
0.8406699999999998,0.7329200000000001
0.7961099999999999,0.7503600000000006
0.8788300000000001,0.8006099999999996
0.86393,0.77728
0.8731600000000003,0.8062199999999997
0.8414300000000001,0.7627799999999999
0.87716,0.8255699999999997
0.8733499999999996,0.77735
0.8478100000000001,0.7181700000000001
0.8195400000000005,0.7315100000000002
0.8416199999999998,0.7676
0.8708699999999996,0.8177200000000004
0.86386,0.8103600000000003
0.8374199999999999,0.7589399999999997
0.8107999999999997,0.7206500000000005
0.8904599999999999,0.78404
0.8845599999999999,0.7628300000000001
0.87367,0.8170099999999999
0.8390800000000002,0.7637199999999998
0.8855900000000001,0.8129199999999999
0.8653100000000004,0.7376
0.8643799999999997,0.7673200000000006
0.8185099999999998,0.76985
0.8637999999999999,0.7714099999999999
0.8937599999999999,0.8257399999999997
0.8925299999999996,0.8200399999999998
0.8492700000000002,0.7529599999999997
0.8883000000000004,0.8047600000000003
0.8902100000000001,0.7844900000000002
0.87446,0.8067099999999999
0.8773800000000003,0.7921399999999998
0.8742099999999996,0.7820200000000003
0.8785000000000004,0.8179799999999999
0.8370699999999998,0.7621300000000001
0.8755399999999999,0.7935
0.8584600000000003,0.7959100000000003
0.8256399999999998,0.7377300000000002
0.8693400000000004,0.8154500000000003
0.8291800000000003,0.7102999999999998
0.8388399999999997,0.73996
0.8816200000000002,0.8298300000000001
0.8795200000000001,0.7887
0.87711,0.78809
0.8910099999999994,0.7547099999999999
0.8252000000000003,0.7478399999999997
0.86423,0.7929100000000002
0.875,0.7770400000000001
0.8264199999999994,0.73263
0.8274800000000008,0.7456799999999998
0.8802399999999999,0.7581999999999998
0.8880199999999995,0.8173100000000001
0.8797799999999997,0.8171600000000001
0.8403100000000002,0.7538899999999998
0.8667899999999997,0.7715400000000001
0.8392400000000002,0.7502699999999998
0.8830900000000004,0.8128299999999998
0.79931,0.6532199999999997
0.8864600000000001,0.8112500000000001
0.8318700000000002,0.7537600000000001
0.8692299999999997,0.7756400000000003
0.87576,0.7999499999999999
0.8687100000000001,0.7838899999999999
0.8214500000000002,0.7111400000000002
0.8903000000000002,0.80293
0.8393899999999997,0.7670399999999998
0.8606400000000004,0.7546100000000001
0.84748,0.76871
0.8383200000000004,0.7585700000000002
0.84463,0.75853
0.88494,0.8122699999999996
0.8602400000000001,0.76904
0.8490699999999998,0.78404
0.8878900000000001,0.83116
0.8931099999999997,0.7927899999999998
0.8490399999999994,0.7545599999999998
0.89359,0.8081300000000005
0.8512199999999998,0.7819999999999997
0.8489,0.7761099999999999
0.8320600000000001,0.7074900000000001
0.8268600000000003,0.7287399999999998
0.8614999999999999,0.8077599999999998
0.8888999999999996,0.8150199999999999
0.8261899999999995,0.7637899999999999
0.8841,0.8239300000000002
0.8481400000000002,0.8180799999999998
0.8650399999999995,0.7793000000000002
0.8753899999999999,0.7943700000000001
0.8366900000000002,0.7589400000000002
0.8373600000000003,0.7726499999999997
0.8946400000000001,0.8299399999999999
0.8555700000000003,0.77779
0.8544499999999999,0.7708499999999998
0.88263,0.82325
0.82788,0.7530500000000002
0.8512999999999998,0.7541100000000001
0.8260100000000001,0.74116
0.8438500000000001,0.78452
0.8877500000000005,0.8001699999999998
0.8689200000000006,0.7897399999999999
0.8704599999999999,0.8016699999999999
0.8880199999999999,0.7940200000000002
0.8184199999999998,0.7292299999999998
0.8257199999999998,0.73706
0.8877600000000004,0.8343200000000003
0.8235000000000001,0.72366
0.8869300000000002,0.7850699999999997
0.8533999999999999,0.7564699999999999
0.8704299999999995,0.7686099999999999
0.85714,0.7868400000000002
0.8232499999999999,0.7863600000000003
0.86052,0.7777099999999999
0.8046799999999998,0.7088999999999999
0.8859499999999997,0.7693899999999998
0.8510500000000003,0.78246
0.8537500000000001,0.7927599999999997
0.8845099999999997,0.8087200000000001
0.8817600000000005,0.7790200000000003
0.8922500000000001,0.8095800000000003
0.8620800000000002,0.7709600000000001
0.8664500000000003,0.7970999999999997
0.87825,0.79804
0.8769199999999999,0.8034500000000001
0.8426599999999996,0.7931800000000001
0.8328199999999997,0.76204
0.8696400000000001,0.8127199999999997
0.8133799999999998,0.73307
0.8750399999999998,0.76708
0.8860600000000002,0.82134
0.8381400000000001,0.71366
0.8474999999999998,0.7620100000000001
0.8549799999999999,0.77751
0.81596,0.7037199999999996
0.8898800000000001,0.8479500000000002
0.8878099999999999,0.84357
0.8450800000000004,0.7545399999999998
0.8711599999999997,0.7716900000000001
0.8647600000000004,0.7863199999999998
0.8782200000000002,0.8028800000000003
0.8788599999999999,0.8048099999999997
0.84033,0.7505200000000001
0.88506,0.83991
0.8835099999999997,0.79231
0.81404,0.7160699999999998
0.8635200000000003,0.77566
0.8164200000000001,0.7096300000000002
0.8845400000000002,0.8301400000000002
0.8978,0.8031500000000004
0.8796199999999998,0.8129600000000003
0.86723,0.78519
0.8920399999999999,0.8305100000000002
0.89116,0.7917800000000003
0.8893799999999998,0.8068499999999998
0.8115100000000003,0.7135799999999999
0.89074,0.83032
0.8651799999999998,0.7966300000000001
0.8335999999999996,0.7214099999999999
0.8790800000000003,0.8132199999999998
0.80621,0.6679099999999998
0.83813,0.7302100000000001
0.85027,0.7806399999999999
0.8651399999999999,0.8196300000000001
0.8608,0.8250600000000001
0.8844899999999999,0.81926
0.8736100000000007,0.7659399999999998
0.8202900000000001,0.7193700000000001
0.8876000000000004,0.7866
0.8495100000000001,0.7692
0.8467800000000004,0.7441999999999998
0.8488999999999999,0.7980400000000002
0.8857999999999997,0.8119799999999999
0.8782000000000001,0.8199000000000002
0.8459700000000001,0.74055
0.8330000000000001,0.7769499999999997
0.8747800000000001,0.8000100000000002
0.8710900000000003,0.77665
0.85815,0.7803100000000001
0.8714600000000003,0.7712300000000001
0.89303,0.8298000000000001
0.86369,0.7522799999999998
0.7981399999999995,0.6567999999999999
0.8791899999999998,0.8085399999999998
0.8553400000000003,0.7530800000000001
0.8960099999999998,0.8116900000000001
0.8873700000000003,0.7910500000000001
0.86759,0.7993499999999994
0.8830600000000003,0.82108
0.8532500000000001,0.7789999999999999
0.87343,0.7653600000000003
0.89665,0.8150099999999999
0.8101600000000003,0.72623
0.8929099999999996,0.8132199999999997
0.8987700000000001,0.8396000000000002
0.8641199999999998,0.7754000000000001
0.8131200000000001,0.7344400000000002
0.8502799999999998,0.7795100000000003
0.8849000000000001,0.8102799999999999
0.8908399999999999,0.8170899999999999
0.8125599999999994,0.7843200000000001
0.8226100000000003,0.6985000000000001
0.8881999999999999,0.7978499999999998
0.8553400000000009,0.8796500000000006
0.83661,0.7480499999999999
0.8855799999999996,0.7808600000000001
0.8350300000000002,0.7556000000000003
0.8241800000000002,0.7083600000000001
0.8942800000000004,0.8097600000000001
0.85484,0.7743600000000004
0.8455100000000002,0.7518500000000005
0.8581800000000003,0.7713600000000003
0.8550799999999998,0.7894400000000001
0.8313399999999999,0.7341000000000001
0.84404,0.7972800000000002
0.8877299999999999,0.8027099999999998
0.8091500000000004,0.72038
0.8417899999999997,0.74312
0.8747400000000005,0.82152
0.8436600000000002,0.7779000000000003
0.8821099999999998,0.7944200000000001
0.8548399999999997,0.7568699999999998
0.8793199999999995,0.7991799999999999
0.85673,0.7696299999999998
0.85102,0.7677599999999998
0.8450799999999999,0.7290100000000002
0.8513099999999999,0.74229
0.8386800000000002,0.7796699999999999
0.8685200000000002,0.7605000000000003
0.8334499999999998,0.7514999999999996
0.8311,0.7469600000000001
0.8333900000000001,0.7284699999999995
0.83516,0.7400599999999998
0.8953300000000002,0.8420400000000002
0.8351799999999998,0.7537699999999999
0.8293999999999997,0.7893799999999999
0.8863399999999999,0.8232299999999997
0.8448100000000003,0.8265799999999998
0.8163699999999997,0.7469099999999999
0.8638300000000001,0.7906800000000003
0.8655499999999999,0.8000799999999999
0.8157699999999997,0.6785
0.89181,0.80687
0.8413200000000001,0.76141
0.8552,0.7121299999999999
0.81184,0.7339100000000001
0.8484900000000002,0.7604699999999995
0.8787599999999999,0.8127900000000001
0.85189,0.7539700000000004
0.8354699999999998,0.7715699999999999
0.8717699999999999,0.8063499999999999
0.8973200000000001,0.8208400000000001
0.83167,0.7549999999999999
0.8469800000000004,0.7821199999999999
0.8247600000000002,0.7133200000000001
0.8831000000000002,0.8066900000000001
0.8220699999999997,0.7606799999999996
0.8372599999999999,0.7852899999999994
0.8933299999999998,0.77793
0.8543499999999998,0.7918499999999997
0.82191,0.7592099999999998
0.8651499999999998,0.7907100000000001
0.88652,0.82551
0.8783299999999998,0.7851899999999999
0.8425300000000001,0.77704
0.8827800000000003,0.78685
0.8837799999999997,0.7938599999999998
0.8569700000000003,0.7553399999999999
0.8124700000000002,0.7588800000000002
0.8632499999999999,0.7436299999999999
0.8970499999999997,0.8271500000000003
0.8503999999999999,0.7801099999999996
0.8866899999999996,0.8014199999999999
0.8538099999999998,0.75005
0.8679700000000002,0.8292999999999999
0.8315300000000003,0.77905
0.8564800000000001,0.7539700000000004
0.8907899999999997,0.8196900000000003
0.8436799999999998,0.7447999999999999
0.83619,0.7519100000000001
0.8655300000000004,0.7982799999999999
0.8744200000000003,0.7583799999999998
0.8410499999999999,0.7478400000000002
0.8917300000000004,0.8440200000000003
0.87131,0.7932600000000002
0.8757,0.7911400000000001
0.8531899999999999,0.7453600000000001
0.8584500000000003,0.7963300000000002
0.8692300000000001,0.79777
0.8305000000000008,0.7182099999999998
0.8552599999999998,0.7705399999999999
0.8765000000000004,0.7928499999999994
0.8556100000000002,0.76952
0.7895199999999997,0.6038399999999999
0.8967799999999998,0.8387600000000003
0.8491600000000006,0.8151500000000002
0.8917399999999998,0.8140599999999998
0.88205,0.7853899999999999
0.8130800000000005,0.7429799999999998
0.8319199999999999,0.73523
0.8813500000000003,0.8071600000000001
0.84017,0.7738600000000002
0.8540099999999998,0.7730299999999997
0.8706200000000003,0.7770800000000001
0.88081,0.8092000000000001
0.8651999999999999,0.7844600000000002
0.8940800000000003,0.8413100000000003
0.8959900000000005,0.7826099999999999
0.8622900000000004,0.8036400000000004
0.8475499999999999,0.77314
0.8632600000000002,0.76548
0.8519399999999999,0.7731699999999998
0.8431200000000001,0.7391500000000001
0.8610300000000001,0.7605700000000004
0.8336399999999997,0.72579
0.8640699999999997,0.7730300000000001
0.8897800000000002,0.8014600000000001
0.8212100000000001,0.7130000000000001
0.8814499999999998,0.7829299999999997
0.8591199999999997,0.7517299999999999
0.8692399999999999,0.7986299999999998
0.8602700000000002,0.77606
0.8495800000000006,0.79648
0.8667500000000001,0.7902899999999999
0.8823399999999998,0.7673499999999999
0.86293,0.8326600000000001
0.8489099999999997,0.7816999999999997
0.8599299999999996,0.7745099999999997
0.8511299999999999,0.7815599999999995
0.8731800000000003,0.7436199999999994
0.8805200000000001,0.7976599999999998
0.8338200000000002,0.72997
0.8889399999999996,0.7723300000000002
0.8438499999999999,0.7602000000000001
0.84663,0.7652800000000003
0.8515499999999999,0.7634299999999999
0.8656600000000002,0.8058000000000001
0.8109099999999999,0.76237
0.8256899999999997,0.6896799999999998
0.8914700000000003,0.7882499999999998
0.8427400000000002,0.77372
0.8806200000000001,0.8072300000000001
0.8715900000000005,0.81216
0.87777,0.8054899999999999
0.8800300000000001,0.8262200000000003
0.90274,0.8314099999999999
0.8607600000000001,0.7723999999999998
0.8602099999999999,0.7737399999999997
0.8135799999999996,0.7305399999999997
0.8420000000000001,0.7633900000000001
0.84061,0.75223
0.8406600000000001,0.7469499999999997
0.8308899999999996,0.7308099999999997
0.8210799999999995,0.7671400000000002
0.8802299999999998,0.81941
0.89494,0.8166800000000003
0.87646,0.8032199999999997
0.8386500000000003,0.7626500000000002
0.8560299999999998,0.7879500000000002
0.84918,0.7776499999999997
0.88806,0.8066200000000004
0.9036,0.79306
0.8272100000000004,0.7472
0.8332299999999998,0.7455199999999997
0.8930100000000002,0.8242900000000002
0.8598600000000003,0.7693799999999997
0.8604499999999998,0.7389500000000002
0.8883499999999996,0.7949599999999998
0.8772800000000003,0.8170199999999999
0.8239799999999998,0.76212
0.8589500000000001,0.7834599999999999
0.89813,0.8248700000000002
0.8467299999999998,0.7581399999999999
0.8790599999999997,0.7815499999999999
0.8648300000000002,0.7624200000000001
0.8321099999999998,0.7305899999999999
0.8958400000000003,0.8631200000000007
0.8578999999999998,0.7697400000000003
0.88151,0.7979499999999998
0.8148399999999997,0.7423899999999999
0.8352099999999999,0.78901
0.8820800000000003,0.7775699999999999
0.8758299999999999,0.7720600000000002
0.8755700000000002,0.7979299999999996
0.85734,0.7517499999999999
0.8998900000000001,0.8087599999999996
0.8518200000000006,0.7528999999999997
0.8872499999999997,0.8050999999999999
0.8415800000000001,0.7627200000000002
0.8194300000000001,0.7478299999999998
0.8585699999999999,0.78966
0.8926,0.7994100000000002
0.8981399999999996,0.8078800000000003
0.88504,0.8183000000000001
0.8739000000000001,0.7695099999999998
0.8914500000000001,0.8050000000000004
0.8472300000000001,0.7557499999999999
0.8218299999999998,0.7582899999999998
0.8646600000000002,0.77738
0.8800100000000001,0.81692
0.8678699999999999,0.79675
0.85441,0.7929299999999999
0.8955400000000003,0.8271800000000001
0.8399899999999997,0.7633499999999996
0.89158,0.8106499999999996
0.88384,0.8042099999999999
0.8403899999999997,0.7579200000000001
0.8599399999999995,0.7509100000000001
0.8450899999999999,0.7814500000000001
0.8642300000000005,0.7744399999999999
0.8459200000000001,0.7686599999999999
0.8735199999999995,0.7929299999999997
0.8132799999999999,0.7101999999999999
0.85895,0.75393
0.8089800000000001,0.72747
0.8741200000000002,0.7940100000000002
0.8166200000000002,0.7612700000000001
0.8636300000000005,0.7760899999999998
0.83115,0.7381799999999995
0.8786999999999995,0.7740199999999998
0.8323799999999999,0.7753199999999998
0.8720100000000002,0.81491
0.88634,0.7698999999999999
0.8052600000000001,0.6878799999999998
0.8899199999999999,0.8127099999999998
0.82556,0.71003
0.8782899999999997,0.8121199999999998
0.8374499999999996,0.7661399999999999
0.8831499999999999,0.83541
0.8621199999999998,0.7917299999999998
0.8690399999999994,0.8214000000000001
0.8579400000000001,0.7386799999999998
0.86006,0.78387
0.88213,0.81257
0.8530700000000003,0.7654999999999995
0.8638899999999999,0.7820699999999999
0.8374000000000003,0.7658400000000002
0.8339600000000001,0.7491399999999999
0.8255500000000001,0.71037
0.8854000000000003,0.83595
0.8686899999999999,0.7717200000000003
0.8776799999999997,0.8326800000000003
0.8410500000000001,0.75595
0.8573599999999998,0.7941199999999998
0.8569100000000003,0.77253
0.8198300000000003,0.7279600000000002
0.8491199999999998,0.7627899999999999
0.8963899999999997,0.8098799999999998
0.88286,0.8053200000000003
0.8338900000000001,0.7669100000000002
0.82466,0.71247
0.8753000000000003,0.81062
0.8718700000000004,0.7801599999999997
0.8943800000000002,0.8113200000000002
0.8968799999999999,0.82257
0.8462899999999998,0.81779
0.8773399999999999,0.7779600000000005
0.8175700000000005,0.73114
0.8893799999999997,0.81253
0.8567900000000002,0.7786500000000001
0.8544200000000002,0.74788
0.8865099999999999,0.7762000000000003
0.8917199999999998,0.7880600000000001
0.86842,0.8063600000000004
0.86543,0.8194200000000003
0.8419100000000002,0.7748400000000004
0.8962299999999997,0.81162
0.84162,0.75967
0.8841199999999999,0.81182
0.8592800000000002,0.78542
0.89085,0.7872999999999998
0.8460700000000001,0.7682500000000002
0.84039,0.71631
0.8880400000000002,0.81294
0.86786,0.78008
0.8584500000000004,0.7994600000000002
0.8518900000000003,0.78523
0.8251399999999998,0.7623600000000004
0.8867799999999997,0.8112500000000001
0.8529900000000004,0.7944700000000001
0.85501,0.7873899999999999
0.8510100000000003,0.8034499999999997
0.8458099999999998,0.7731599999999997
0.8616400000000003,0.7511199999999998
0.8317100000000002,0.7598100000000001
0.8795199999999997,0.7938900000000001
0.8429299999999997,0.7704000000000002
0.8451199999999995,0.7299199999999996
0.8500599999999998,0.7915399999999997
0.8655899999999996,0.7691000000000001
0.8804000000000001,0.8074299999999998
0.8389900000000001,0.7459499999999999
0.84689,0.7780800000000001
0.8772300000000002,0.78614
0.8499000000000003,0.7489599999999998
0.8548500000000001,0.7812999999999997
0.8973099999999999,0.83689
0.8894200000000002,0.80561
0.8631800000000002,0.8174899999999998
0.8780899999999999,0.7889200000000003
0.8857800000000003,0.8199799999999999
0.8236700000000003,0.73116
0.8570899999999999,0.7833600000000002
0.8840899999999998,0.7935300000000002
0.8489500000000005,0.7632700000000001
0.8252699999999998,0.7294399999999998
0.8633000000000002,0.7197399999999999
0.8024100000000002,0.7142600000000003
0.8336200000000002,0.7465000000000002
0.8245499999999999,0.7273900000000002
0.8812299999999997,0.8258400000000005
0.8869699999999997,0.8082200000000002
0.8641800000000005,0.7841499999999997
0.8107900000000002,0.73232
0.8289500000000003,0.71503
0.8738099999999998,0.7989000000000002
0.8882800000000001,0.8213099999999998
0.8854600000000004,0.8123299999999999
0.8738699999999998,0.7816099999999997
0.8285799999999998,0.7278199999999999
0.8599200000000002,0.7791800000000002
0.8777899999999996,0.7774399999999997
0.7954199999999999,0.7146299999999998
0.8151400000000004,0.6779199999999997
0.8582700000000003,0.7453400000000001
0.8814299999999997,0.8013800000000001
0.8574300000000007,0.8149799999999998
0.8787699999999997,0.7781999999999998
0.85101,0.75741
0.8301999999999999,0.7411299999999997
0.8689399999999995,0.765
0.8200600000000001,0.73099
0.8802600000000005,0.8039900000000002
0.8896200000000002,0.7854399999999998
0.8767400000000001,0.7998900000000003
0.8338500000000001,0.75641
0.8693199999999998,0.8049199999999999
0.8744399999999999,0.8038599999999998
0.87784,0.80976
0.8624900000000002,0.8106200000000001
0.8384900000000001,0.7702000000000001
0.8378199999999997,0.7554299999999999
0.8236300000000001,0.7591999999999999
0.81161,0.73458
0.8374299999999999,0.7538500000000004
0.8441800000000004,0.75095
0.85444,0.7446199999999997
0.8865600000000003,0.8348700000000001
0.8598,0.7546100000000001
0.86787,0.7921499999999999
0.83711,0.77704
0.8661900000000001,0.78712
0.8221100000000002,0.7235400000000002
0.8985399999999997,0.7978300000000002
0.8765799999999996,0.8097200000000002
0.8606900000000001,0.79433
0.8351799999999998,0.73141
0.8724599999999999,0.8078799999999999
0.8320299999999999,0.8015499999999999
0.8589599999999998,0.79533
0.8664499999999999,0.7736999999999995
0.8664500000000004,0.7914399999999999
0.9005500000000005,0.8234699999999999
0.8608,0.7840600000000001
0.84918,0.7735399999999999
0.84689,0.8319000000000001
0.8771400000000001,0.8051600000000002
0.8687100000000001,0.7931800000000001
0.8842000000000003,0.8210400000000005
0.84844,0.7225999999999999
0.8157499999999994,0.71918
0.8350700000000001,0.7013900000000001
0.8639699999999997,0.7618300000000002
0.8778299999999999,0.7768000000000002
0.86217,0.7912100000000004
0.7886200000000002,0.74147
0.8484199999999998,0.7550699999999999
0.8620500000000001,0.7642700000000001
0.8217500000000004,0.7060300000000003
0.8558399999999999,0.7999699999999998
0.8866899999999996,0.8009499999999998
0.8481600000000005,0.7737999999999998
0.8906300000000001,0.8289700000000003
0.8248899999999998,0.75489
0.8807199999999997,0.82581
0.8950400000000003,0.8097399999999999
0.8362099999999999,0.7777699999999997
0.8125500000000003,0.7434299999999997
0.8878100000000003,0.8290700000000002
0.8746099999999999,0.76997
0.8357099999999995,0.7442199999999999
0.8335199999999995,0.7528500000000001
0.82266,0.71096
0.8569100000000001,0.7515700000000001
0.8815899999999998,0.7932499999999999
0.8278600000000003,0.7546499999999999
0.8397599999999998,0.7686999999999997
0.8383399999999999,0.7615200000000004
0.8957999999999999,0.8180200000000003
0.8882900000000002,0.8046800000000002
0.8724,0.77032
0.84407,0.7392399999999999
0.8144500000000002,0.7508999999999999
0.86082,0.7730000000000001
0.84442,0.74378
0.8874799999999997,0.7868100000000001
0.8618200000000005,0.7737500000000002
0.8373400000000004,0.7348300000000002
0.8505999999999997,0.7650999999999998
0.8845100000000004,0.8235700000000001
0.8492800000000003,0.7944099999999997
0.8788900000000003,0.7648499999999998
0.8656200000000002,0.7866699999999998
0.84358,0.7348299999999998
0.86456,0.7984399999999998
0.8033900000000002,0.7460999999999999
0.8517800000000004,0.7675100000000001
0.8942900000000001,0.8080799999999999
0.87528,0.7772299999999998
0.8777699999999995,0.7903600000000002
0.8795199999999994,0.7818799999999999
0.85024,0.7877500000000001
0.8371099999999996,0.7627499999999998
0.8487199999999996,0.72399
0.8940099999999999,0.8092600000000002
0.8836800000000001,0.7895200000000001
0.77455,0.6414799999999997
0.8613200000000002,0.7559499999999999
0.8553000000000001,0.7374300000000001
0.8842500000000005,0.80456
0.8495899999999997,0.76568
0.8067700000000001,0.7307599999999997
0.89207,0.7856299999999995
0.8422499999999999,0.7547600000000001
0.8533099999999996,0.7806499999999998
0.82879,0.74941
0.8246899999999999,0.7842600000000003
0.8507699999999998,0.7631499999999999
0.8681600000000005,0.7877900000000001
0.8276000000000003,0.7492599999999999
0.8347799999999999,0.73616
0.8652500000000001,0.7845
0.8212899999999999,0.70639
0.8536099999999999,0.7970300000000001
0.87756,0.7765599999999998
0.88985,0.7679100000000001
0.8192000000000005,0.7305900000000001
0.8940699999999999,0.8120599999999999
0.8574499999999997,0.7690699999999998
0.8295000000000005,0.7450100000000001
0.8472999999999999,0.7126399999999998
0.8426300000000002,0.7526299999999996
0.82069,0.7359299999999999
0.82558,0.7526199999999998
0.8817499999999998,0.8255400000000002
0.8053699999999998,0.6964400000000004
0.8472799999999999,0.7622800000000002
0.8744900000000001,0.77643
0.8070100000000002,0.74398
0.8618499999999999,0.7907
0.8538799999999999,0.81851
0.8600800000000005,0.7573799999999999
0.8676900000000005,0.8054399999999999
0.8825499999999998,0.81587
0.8846700000000004,0.7936000000000001
0.8705200000000006,0.8032199999999996
0.8517000000000003,0.7889699999999997
0.8389200000000002,0.7687899999999999
0.8973700000000003,0.7910699999999998
0.8625700000000002,0.7501499999999998
0.8311999999999999,0.74362
0.8856,0.7760799999999998
0.8532700000000004,0.7917900000000002
0.89838,0.8024499999999998
0.8835200000000001,0.7885199999999999
0.8919100000000002,0.8483600000000002
0.8496700000000003,0.7862500000000001
0.8828499999999997,0.7960900000000001
0.8600099999999997,0.7963099999999999
0.8196300000000002,0.76224
0.8918200000000002,0.8101600000000002
0.86482,0.7497499999999998
0.8778400000000004,0.7621499999999999
0.8621599999999998,0.8177900000000001
0.8508699999999999,0.7736199999999996
0.87611,0.75511
0.8726000000000004,0.7946500000000002
0.8667200000000003,0.78908
0.83002,0.7571099999999998
0.8682599999999998,0.80832
0.8515700000000003,0.7532299999999998
0.8534999999999998,0.78708
0.79726,0.7002199999999997
0.8613200000000008,0.7935899999999997
0.8788699999999997,0.7977600000000002
0.8076300000000003,0.7644099999999995
0.8349900000000001,0.72351
0.8666999999999997,0.7966099999999997
0.8768099999999999,0.8185600000000001
0.8514599999999999,0.7332899999999999
0.8406400000000004,0.7422099999999999
0.8846899999999998,0.8089999999999996
0.87912,0.7580100000000002
0.8602300000000003,0.7861999999999996
0.81678,0.70426
0.8632599999999995,0.8011900000000002
0.8936099999999999,0.8139999999999997
0.8783500000000002,0.7918499999999998
0.8857099999999999,0.79553
0.86386,0.78936
0.8848300000000004,0.8483000000000002
0.8712500000000003,0.7483200000000001
0.8744500000000001,0.80718
0.8817799999999998,0.8040700000000001
0.8749299999999997,0.8003299999999999
0.87426,0.7792499999999998
0.8432599999999999,0.7993600000000004
0.83286,0.7740100000000001
0.81094,0.676
0.8782700000000004,0.7844599999999999
0.89414,0.8057600000000004
0.8323399999999999,0.7342699999999995
0.8615099999999997,0.81743
0.8308600000000003,0.74141
0.8103999999999999,0.7177699999999997
0.8776900000000001,0.7715600000000004
0.8926899999999998,0.82372
0.8908800000000001,0.7986800000000005
0.8606999999999999,0.7927200000000001
0.8723700000000005,0.7907499999999998
0.80572,0.7398899999999999
0.8760399999999997,0.7615699999999996
0.8685500000000004,0.77004
0.8205499999999997,0.7177600000000001
0.8719800000000001,0.8094899999999997
0.8872799999999996,0.8134800000000003
0.8497699999999999,0.74655
0.85838,0.7937300000000002
0.8839999999999998,0.8075600000000002
0.8220499999999998,0.7160199999999999
0.8218100000000003,0.7231400000000001
0.86583,0.75062
0.8374499999999999,0.7439999999999999
0.83848,0.75453
0.8645100000000006,0.7813800000000001
0.8686000000000004,0.7818999999999997
0.8751999999999999,0.77067
0.8929099999999996,0.8179399999999997
0.8726400000000002,0.7846599999999997
0.85689,0.7800899999999998
0.8581799999999998,0.7735399999999999
0.88401,0.7847599999999999
0.8852599999999999,0.8104400000000003
0.8964799999999997,0.7760299999999996
0.8701199999999999,0.7967799999999999
0.87472,0.79645
0.8874000000000001,0.8069000000000003
0.8997399999999999,0.8295599999999996
0.9002800000000002,0.8187800000000002
0.8450000000000002,0.7653700000000002
0.8182600000000003,0.6951100000000002
0.87993,0.7910800000000003
0.8817,0.7848900000000001
0.8800199999999999,0.7910799999999999
0.8622699999999998,0.7898399999999998
0.8842500000000004,0.80925
0.8885999999999997,0.8157599999999996
0.8926900000000001,0.8252799999999998
0.8796699999999998,0.80078
0.8506,0.79435
0.81772,0.7159399999999999
0.85455,0.7767299999999997
0.8739700000000002,0.7711799999999998
0.8797,0.7425
0.82319,0.7319599999999999
0.8480999999999994,0.7822199999999999
0.8400599999999998,0.7768400000000004
0.8778900000000002,0.78694
0.8251899999999999,0.7190099999999999
0.8861900000000001,0.7880799999999998
0.8729499999999999,0.8042300000000001
0.8406999999999999,0.7278399999999998
0.8709399999999995,0.7945700000000002
0.8425800000000002,0.7529
0.8888100000000003,0.8004199999999996
0.8530099999999996,0.7772600000000002
0.8816300000000001,0.80312
0.8540400000000001,0.7624199999999999
0.8561099999999997,0.7955900000000001
0.7995599999999997,0.6709900000000001
0.8884999999999998,0.8049299999999998
0.86019,0.74586
0.9033800000000001,0.8062999999999999
0.8371700000000005,0.72752
0.82812,0.7173599999999997
0.8595599999999998,0.7787000000000001
0.88493,0.8034600000000001
0.8515100000000001,0.7756699999999997
0.8771100000000005,0.7890999999999997
0.8423300000000001,0.7489399999999999
0.8557900000000004,0.7811899999999998
0.8774100000000007,0.8042100000000001
0.84512,0.7360399999999998
0.8704299999999996,0.8002400000000001
0.87548,0.7870599999999999
0.8365500000000001,0.7474700000000002
0.8286599999999998,0.7570899999999996
0.8587600000000001,0.7465499999999998
0.8931199999999997,0.81159
0.84988,0.7810199999999997
0.8427800000000002,0.7597199999999996
0.8535299999999998,0.7833500000000002
0.8649099999999998,0.8091999999999997
0.8752000000000002,0.79728
0.86982,0.7963599999999998
0.8528000000000001,0.7959299999999999
0.8419200000000001,0.7570400000000003
0.84611,0.7327199999999999
0.8806499999999999,0.8065799999999999
0.8342499999999995,0.7084999999999999
0.8707600000000006,0.7890699999999998
0.85405,0.7485200000000001
0.88999,0.8311600000000001
0.8256199999999998,0.7521899999999999
0.8371800000000004,0.7690899999999998
0.8358899999999996,0.7884099999999999
0.86186,0.7793500000000003
0.8757699999999999,0.7851299999999998
0.8722,0.7882900000000003
0.83135,0.7467099999999999
0.8325099999999998,0.7524500000000003
0.8943700000000001,0.8135999999999999
0.8703699999999999,0.7992199999999999
0.8222100000000003,0.73018
0.8663799999999998,0.7753699999999999
0.8099200000000001,0.67596
0.8645999999999999,0.7891499999999998
0.8609299999999993,0.7741900000000003
0.8804000000000002,0.8132700000000002
0.8340900000000002,0.74444
0.8384400000000002,0.7925400000000006
0.8762500000000002,0.8362399999999998
0.8760900000000003,0.8054399999999999
0.8828899999999997,0.7804399999999998
0.87467,0.8098599999999999
0.8696200000000001,0.78158
0.8729100000000001,0.7841099999999999
0.88959,0.8264800000000002
0.8368100000000003,0.77352
0.8668599999999997,0.7599100000000001
0.8588399999999996,0.7663100000000002
0.87295,0.7733400000000001
0.8184400000000001,0.7620699999999999
0.8903799999999997,0.81584
0.8537900000000002,0.7848299999999996
0.8527500000000002,0.7916599999999999
0.8616799999999999,0.8059999999999999
0.86066,0.8046500000000002
0.8290000000000001,0.7804199999999999
0.8526700000000002,0.7936600000000003
0.79633,0.70804
0.8193200000000002,0.7170200000000001
0.8627200000000004,0.78279
0.8456600000000002,0.78856
0.8742700000000002,0.8161099999999999
0.8599500000000002,0.7834399999999999
0.8200399999999999,0.7650599999999997
0.8715699999999998,0.7918600000000002
0.8327399999999998,0.7466700000000001
0.8632899999999998,0.7922900000000002
0.8652100000000001,0.8051300000000002
0.8400699999999999,0.74578
0.8201400000000002,0.6744999999999994
0.8597999999999998,0.7870599999999998
0.8268200000000003,0.7547600000000001
0.8401099999999999,0.7412300000000002
0.86792,0.7793899999999999
0.8707399999999997,0.8145
0.8389000000000002,0.7465999999999999
0.83378,0.7375500000000003
0.8424599999999998,0.77829
0.8656000000000005,0.78411
0.8839000000000006,0.8310599999999999
0.8413,0.7650800000000004
0.8133499999999998,0.7320300000000001
0.8709700000000001,0.7938299999999999
0.8510400000000002,0.7824900000000001
0.8688300000000001,0.77665
0.8664700000000003,0.7661100000000001
0.84029,0.7753599999999998
0.8625999999999999,0.7915800000000001
0.8838200000000002,0.8278600000000003
0.8583200000000005,0.77581
0.8927699999999993,0.8270300000000005
0.8881900000000001,0.8014199999999999
0.8266400000000003,0.7503099999999996
0.8527500000000003,0.76581
0.8159199999999999,0.6836
0.8345000000000005,0.7286699999999999
0.8500899999999999,0.7465300000000002
0.9076200000000001,0.8471999999999997
0.8809500000000002,0.8180800000000003
0.8748200000000003,0.8109599999999999
0.8822199999999992,0.8071699999999999
0.8736300000000002,0.8037099999999999
0.86344,0.7869700000000002
0.85851,0.7794099999999999
0.8809600000000001,0.79332
0.8791300000000005,0.8044100000000002
0.85313,0.7773400000000001
0.8812000000000004,0.7969499999999999
0.8814999999999997,0.80624
0.86209,0.8228900000000001
0.8794500000000001,0.7986000000000004
0.8520299999999998,0.7596600000000002
0.8792200000000004,0.79695
0.8410200000000002,0.7608000000000003
0.8873599999999999,0.7716999999999998
0.8986900000000001,0.8175000000000001
0.83709,0.76421
0.82929,0.74729
0.8392000000000001,0.7594200000000002
0.8256399999999998,0.74834
0.8842400000000002,0.7929499999999998
0.8519299999999997,0.75074
0.8475000000000003,0.78223
0.8579399999999998,0.7695000000000002
0.8648600000000002,0.7780699999999997
0.8375100000000003,0.7891899999999998
0.8912300000000002,0.79539
0.8553300000000003,0.79278
0.8578399999999999,0.7940399999999999
0.8797599999999999,0.80565
0.8746700000000002,0.8116700000000003
0.8478000000000001,0.7546400000000001
0.8961100000000002,0.83429
0.8790899999999998,0.81007
0.8348399999999995,0.7761199999999999
0.8457900000000005,0.76648
0.8915100000000004,0.7944500000000002
0.8791099999999997,0.7819399999999999
0.8998600000000002,0.8168600000000003
0.8235000000000006,0.73529
0.8146700000000001,0.7678400000000001
0.8530400000000001,0.8051999999999999
0.8779399999999999,0.8081299999999998
0.8663100000000002,0.75874
0.8867300000000001,0.7670999999999998
0.8215100000000003,0.7650800000000001
0.8189699999999999,0.73119
0.89914,0.8022300000000002
0.8660099999999997,0.81889
0.8587199999999998,0.7615099999999998
0.8200899999999998,0.74253
0.83429,0.73116
0.8919899999999997,0.8240400000000002
0.8543700000000001,0.7591700000000003
0.85507,0.7927199999999999
0.8123800000000001,0.7085700000000003
0.8396700000000001,0.75745
0.8369800000000001,0.7587799999999997
0.8669099999999998,0.7719899999999998
0.8509399999999999,0.7760400000000002
0.8520799999999998,0.7805399999999999
0.8474900000000001,0.75383
0.8561299999999997,0.7448400000000001
0.8827000000000002,0.78652
0.8255400000000005,0.75989
0.8824200000000001,0.7872599999999998
0.8465900000000002,0.7594599999999998
0.8600400000000001,0.7650899999999997
0.8846699999999997,0.78717
0.8756399999999998,0.7793000000000001
0.8835799999999998,0.8408200000000001
0.8910899999999997,0.7901200000000003
0.8501000000000001,0.7824
0.8609400000000004,0.7702700000000003
0.8590300000000001,0.7639799999999997
0.8790399999999998,0.8104500000000003
0.8002500000000002,0.6578200000000001
0.8780200000000004,0.8371799999999999
0.8383700000000002,0.77101
0.8950400000000005,0.8154799999999999
0.8743399999999998,0.7812499999999999
0.8913500000000001,0.8163400000000004
0.8954599999999999,0.80071
0.8327800000000003,0.7185499999999998
0.8528699999999999,0.7822300000000001
0.8479400000000006,0.7306499999999994
0.8692600000000003,0.7748900000000001
0.8978500000000005,0.8224799999999998
0.8761800000000001,0.8044800000000002
0.81401,0.7294599999999999
0.8599099999999998,0.7911100000000001
0.8813100000000001,0.7957900000000002
0.8489599999999997,0.7734300000000001
0.8436999999999999,0.7449400000000002
0.8869000000000002,0.7854000000000001
0.88449,0.7864
0.8790599999999997,0.7663899999999999
0.8408899999999998,0.7686799999999999
0.8711900000000002,0.7877200000000001
0.8567199999999999,0.7657199999999998
0.8643999999999995,0.74307
0.8661199999999998,0.8017500000000001
0.8520200000000001,0.7781599999999999
0.8407300000000001,0.7654999999999997
0.8213399999999997,0.7243000000000002
0.8825099999999999,0.7783700000000003
0.8938600000000004,0.8211399999999998
0.85962,0.7744199999999999
0.8771500000000002,0.80768
0.8212000000000002,0.7374100000000002
0.8857800000000001,0.8138200000000002
0.86525,0.8018100000000001
0.8235600000000002,0.7238800000000002
0.86965,0.81784
0.8719199999999999,0.7865300000000002
0.8512500000000002,0.7699599999999998
0.8814399999999998,0.7930000000000001
0.87629,0.7673099999999999
0.8692200000000002,0.7909000000000005
0.8950200000000001,0.8022499999999999
0.8324600000000001,0.7541399999999999
0.8882000000000003,0.8211999999999999
0.8416800000000001,0.7686699999999996
0.8780699999999997,0.7853999999999998
0.8487399999999999,0.76133
0.8575100000000002,0.7940499999999997
0.8844600000000002,0.8330300000000002
0.8225799999999996,0.7411699999999997
0.86879,0.84529
0.8231200000000007,0.7480600000000003
0.8669600000000003,0.7329700000000001
0.8800800000000001,0.8239899999999999
0.8623399999999996,0.8016300000000004
0.84244,0.77268
0.8477199999999998,0.7640499999999996
0.8305899999999997,0.7600300000000001
0.8489199999999998,0.7860599999999996
0.82686,0.7380999999999999
0.8847700000000001,0.8228
0.8444399999999999,0.7684500000000003
0.8370300000000005,0.7428699999999999
0.82613,0.7406899999999998
0.8730300000000003,0.7570300000000002
0.8837000000000004,0.8000099999999999
0.8629799999999996,0.7684000000000003
0.85186,0.7716399999999999
0.8826200000000002,0.7902000000000003
0.8474399999999997,0.7815400000000002
0.8524900000000002,0.78868
0.87728,0.7836099999999999
0.86289,0.77126
0.86809,0.7667899999999999
0.8511899999999999,0.7592600000000002
0.88162,0.7972199999999999
0.8628399999999998,0.7712499999999999
0.8535899999999995,0.7860000000000003
0.8606799999999996,0.8063899999999999
0.8315099999999999,0.7568699999999999
0.8706199999999995,0.7644199999999999
0.8952500000000001,0.8019899999999999
0.8296000000000001,0.75653
0.8847399999999999,0.7850200000000005
0.8626900000000002,0.7880299999999998
0.8952600000000003,0.7986699999999998
0.7978000000000003,0.73256
0.8575100000000007,0.7546999999999997
0.8258500000000002,0.7243399999999999
0.8865200000000002,0.7955900000000002
0.8806699999999998,0.77445
0.8546299999999999,0.7937700000000001
0.8473199999999995,0.71644
0.8871400000000003,0.8011499999999999
0.8095699999999999,0.7606300000000001
0.8566500000000002,0.73938
0.8299000000000002,0.73824
0.8786499999999997,0.8126700000000002
0.8549100000000002,0.7883500000000001
0.8252099999999998,0.7130299999999998
0.89117,0.8361800000000001
0.8586799999999998,0.7662700000000006
0.8610100000000002,0.7819200000000001
0.8167799999999995,0.7486600000000001
0.8180600000000002,0.7014399999999996
0.8789500000000002,0.79214
0.82904,0.7576799999999999
0.8251199999999997,0.7287399999999995
0.8795899999999996,0.7445299999999999
0.86272,0.8070499999999997
0.84367,0.7295300000000001
0.8410200000000002,0.7573200000000001
0.8213499999999999,0.7421899999999999
0.8868600000000001,0.7767499999999999
0.8501500000000002,0.7729900000000002
0.82143,0.7184
0.8415500000000001,0.7434299999999999
0.8825600000000005,0.7999499999999999
0.8431099999999998,0.7414999999999996
0.8721000000000003,0.7948699999999996
0.8278099999999998,0.7572200000000003
0.8415200000000002,0.7478199999999998
0.8506800000000002,0.7828800000000001
0.8817900000000003,0.7844200000000001
0.8760299999999996,0.7831599999999999
0.8427700000000002,0.75835
0.8914799999999998,0.7870299999999999
0.8872399999999996,0.748
0.8743899999999998,0.7666999999999997
0.8935500000000002,0.8484100000000003
0.8133400000000002,0.6890099999999998
0.8620500000000004,0.7709299999999999
0.8597299999999997,0.7807499999999998
0.83143,0.7391300000000001
0.8808299999999999,0.7823399999999999
0.8977900000000004,0.8195200000000001
0.8237700000000002,0.7542399999999998
0.8747100000000002,0.8277100000000002
0.8394300000000001,0.7002600000000005
0.7978400000000001,0.71297
0.84211,0.7407700000000002
0.8841100000000002,0.8074100000000003
0.88615,0.8056099999999999
0.8368399999999998,0.7569699999999999
0.8464100000000003,0.7553599999999997
0.8429100000000002,0.7555199999999997
0.8687600000000002,0.7767599999999998
0.8350799999999999,0.7379500000000001
0.84758,0.7392699999999998
0.8621300000000005,0.7836300000000003
0.8330000000000001,0.7656799999999998
0.8655299999999998,0.7864499999999996
0.8518399999999999,0.7700299999999999
0.8399800000000001,0.7270200000000002
0.8754300000000004,0.7891600000000001
0.8366000000000001,0.7534899999999999
0.8484800000000006,0.7517599999999999
0.8646100000000003,0.7687200000000004
0.84722,0.7638300000000002
0.8622700000000001,0.7825100000000001
0.8642700000000003,0.7916399999999999
0.8870800000000001,0.7893300000000001
0.81534,0.70037
0.8567800000000001,0.7835000000000001
0.8457300000000001,0.73965
0.8934000000000001,0.8159800000000003
0.81725,0.6710299999999996
0.8695400000000002,0.7598999999999997
0.89825,0.8145900000000001
0.8671700000000002,0.7640499999999996
0.87432,0.8230800000000003
0.8915099999999999,0.7740599999999997
0.8906900000000006,0.8222400000000002
0.8730699999999999,0.7754299999999997
0.8312699999999998,0.7530800000000001
0.8340200000000003,0.7654199999999999
0.8526900000000002,0.7699199999999997
0.87238,0.8216499999999999
0.8796,0.84747
0.86308,0.7890799999999999
0.8501600000000002,0.7794199999999999
0.86714,0.7888300000000001
0.8597,0.8095400000000003
0.8301900000000002,0.7747999999999997
0.8681700000000002,0.7721100000000003
0.8629199999999997,0.7902799999999999
0.8550999999999997,0.75739
0.8735600000000001,0.7936900000000001
0.8818100000000001,0.8020500000000004
0.8455800000000002,0.7867700000000003
0.8667399999999995,0.7945800000000002
0.8727000000000004,0.7850000000000001
0.8274200000000002,0.69498
0.8919400000000001,0.8257400000000001
0.88185,0.8089399999999999
0.8452300000000001,0.78388
0.8602400000000003,0.8289300000000002
0.8178400000000002,0.7331799999999998
0.89622,0.8269100000000003
0.8258500000000005,0.7026699999999998
0.8374800000000002,0.7458499999999999
0.8475699999999997,0.7509300000000007
0.8619900000000001,0.7551300000000001
0.8487799999999995,0.7829200000000002
0.8285699999999997,0.7616700000000001
0.8525599999999999,0.7751200000000001
0.8206100000000001,0.7205499999999999
0.8751600000000005,0.7839599999999999
0.8453899999999996,0.7091099999999997
0.8615000000000004,0.7566299999999998
0.8497300000000003,0.7535700000000003
0.8735300000000001,0.7662099999999996
0.8602299999999999,0.7807199999999997
0.8752600000000003,0.7853300000000002
0.8302499999999996,0.73237
0.85094,0.7582899999999999
0.8472800000000003,0.7654000000000002
0.8275799999999995,0.7571000000000001
0.88212,0.8169000000000004
0.8775800000000004,0.8020700000000004
0.8425199999999999,0.7642899999999997
0.86444,0.7844699999999999
0.8788799999999999,0.7781999999999999
0.8469799999999998,0.7701000000000002
0.8858199999999999,0.8134299999999999
0.8591600000000001,0.7788900000000001
0.88122,0.8101900000000001
0.8400799999999999,0.7644600000000001
0.8509900000000005,0.7790000000000002
0.8527699999999996,0.7902199999999996
0.8608200000000003,0.77226
0.8426400000000003,0.7667599999999998
0.8369999999999999,0.7482899999999999
0.88905,0.8087300000000001
0.8858799999999998,0.8409300000000005
0.8865499999999998,0.8014299999999999
0.8676000000000006,0.7851699999999999
0.8454600000000003,0.78002
0.8446400000000002,0.7453799999999999
0.8464300000000001,0.7654900000000002
0.8307799999999999,0.72411
0.8693000000000002,0.7531600000000002
0.8400500000000001,0.75658
0.8452199999999997,0.7545099999999997
0.8397600000000002,0.7443599999999999
0.8831299999999999,0.7729699999999999
0.8527,0.7910400000000002
0.8359700000000003,0.75548
0.8167599999999999,0.7747700000000002
0.8783600000000001,0.7903300000000004
0.8482700000000004,0.7778799999999998
0.8531199999999999,0.7740300000000004
0.8806000000000002,0.7668399999999999
0.8268500000000004,0.7336999999999996
0.8207099999999998,0.7282000000000001
0.8712600000000004,0.76145
0.8504099999999998,0.7920800000000006
0.8956599999999998,0.8314000000000001
0.84077,0.76849
0.8133000000000007,0.6826999999999999
0.8110000000000003,0.6926100000000003
0.8647100000000001,0.7806400000000001
0.89558,0.7619900000000003
0.8407900000000003,0.7910800000000002
0.8518200000000001,0.7665899999999997
0.88035,0.8095799999999999
0.8374299999999999,0.7412200000000001
0.8607600000000002,0.7873200000000005
0.81842,0.7156999999999999
0.8614700000000001,0.76142
0.8535400000000005,0.7480900000000004
0.8318700000000004,0.7541199999999997
0.8278499999999999,0.7434799999999998
0.8522700000000001,0.7799099999999997
0.8250899999999998,0.7646999999999997
0.86886,0.7832699999999997
0.8879300000000003,0.8055199999999999
0.8890199999999999,0.80303
0.8776800000000001,0.7986
0.8700699999999998,0.7969099999999998
0.8945000000000001,0.8378699999999998
0.8898600000000003,0.8148299999999999
0.8760300000000001,0.7950299999999996
0.8271500000000003,0.74088
0.8730900000000001,0.7683199999999998
0.8482400000000002,0.7852900000000002
0.8494900000000001,0.7824
0.8567500000000006,0.77693
0.86559,0.8017300000000006
0.8962799999999999,0.7909800000000001
0.81513,0.7689100000000002
0.8213699999999998,0.7148599999999999
0.8770800000000001,0.7621899999999999
0.8261700000000002,0.7304900000000001
0.8222300000000002,0.7521599999999995
0.8295900000000003,0.7472000000000003
0.8251099999999997,0.7525999999999999
0.8898099999999998,0.8189099999999999
0.8552299999999998,0.8144299999999999
0.8456400000000004,0.7591499999999995
0.8741,0.7531500000000001
0.8258300000000002,0.77735
0.8406999999999998,0.7515199999999996
0.8283999999999998,0.7534000000000001
0.8112699999999999,0.7037599999999999
0.8831500000000005,0.8067000000000003
0.8424099999999999,0.7538399999999997
0.8921600000000001,0.8094400000000003
0.8471699999999998,0.7666500000000002
0.8904699999999999,0.7842400000000002
0.8598500000000002,0.7738300000000001
0.87068,0.7758099999999994
0.8373600000000002,0.80292
0.8384800000000002,0.7478800000000001
0.8178699999999999,0.7172899999999999
0.84972,0.7747799999999997
0.8530599999999999,0.8147500000000004
0.8728599999999999,0.7955200000000001
0.8384599999999999,0.7625599999999999
0.8746299999999997,0.75686
0.8692899999999995,0.77976
0.7840500000000001,0.7065400000000001
0.84262,0.7324099999999999
0.8484200000000002,0.8017899999999998
0.9016499999999997,0.8163399999999998
0.8368000000000001,0.7328899999999998
0.83934,0.77077
0.8471599999999999,0.74929
0.8633799999999995,0.7956699999999998
0.8757399999999995,0.7547099999999999
0.8423999999999999,0.7934500000000001
0.8436499999999999,0.75156
0.8864100000000001,0.80326
0.8563199999999996,0.77251
0.8572599999999998,0.78798
0.85292,0.7829600000000001
0.8591499999999996,0.77794
0.8585300000000001,0.7922599999999999
0.8143600000000002,0.7451899999999998
0.8280199999999996,0.7503599999999999
0.8378699999999999,0.7295200000000004
0.8538200000000004,0.8050400000000003
0.81452,0.7102600000000001
0.8716999999999997,0.7964200000000001
0.8637,0.7915700000000001
0.8406800000000005,0.7756599999999999
0.8545399999999996,0.77266
0.8571100000000003,0.7828500000000003
0.8012599999999999,0.7409299999999999
0.8383000000000002,0.7359199999999998
0.8662299999999997,0.81226
0.8992600000000001,0.8003900000000005
0.8550200000000001,0.7825700000000001
0.8008499999999995,0.6681799999999996
0.8329400000000001,0.7649099999999998
0.88968,0.8118299999999996
0.8803599999999997,0.8260500000000001
0.8443300000000002,0.8011300000000001
0.8830500000000003,0.76336
0.8732099999999998,0.8103999999999998
0.8331699999999997,0.7658299999999997
0.8613100000000002,0.7587500000000001
0.83214,0.78319
0.8272499999999998,0.7031899999999998
0.8314400000000001,0.7426699999999998
0.8602900000000002,0.7359599999999997
0.8469300000000003,0.7898899999999999
0.8519099999999995,0.7943699999999997
0.8678399999999997,0.8037900000000002
0.8613999999999998,0.73248
0.8343099999999999,0.7462399999999997
0.8637899999999996,0.8323699999999999
0.8844199999999998,0.7858999999999999
0.87979,0.8264200000000003
0.8645999999999995,0.7836500000000002
0.8770599999999997,0.7760200000000004
0.8638600000000001,0.7849400000000004
0.8836900000000001,0.79711
0.8305699999999999,0.7478500000000001
0.8532499999999997,0.7754199999999999
0.87748,0.8209000000000001
0.8889700000000004,0.8191800000000002
0.8813300000000003,0.8000399999999998
0.8717199999999998,0.7884300000000001
0.8506999999999998,0.7850199999999997
0.89239,0.8081499999999999
0.8415100000000002,0.78255
0.83051,0.7195299999999999
0.8724199999999999,0.7812899999999995
0.8414899999999996,0.7522900000000002
0.8381900000000002,0.7692500000000001
0.8430000000000003,0.7534400000000001
0.8271900000000001,0.7424400000000003
0.82627,0.7402800000000004
0.8487899999999999,0.7708299999999998
0.8669699999999998,0.7744999999999999
0.8317600000000002,0.7350099999999999
0.8394000000000003,0.7563199999999994
0.8587,0.7867700000000003
0.85134,0.7461300000000002
0.84063,0.7878899999999999
0.7987600000000005,0.7468099999999996
0.88547,0.8151200000000002
0.8801400000000001,0.7696800000000001
0.8478200000000002,0.74529
0.8800500000000001,0.8285100000000004
0.8614800000000002,0.79997
0.8568899999999996,0.76225
0.8611800000000003,0.7748099999999998
0.8565600000000002,0.7766
0.8345799999999999,0.7979199999999997
0.8871100000000003,0.8138900000000001
0.8868,0.8249400000000001
0.8583299999999998,0.7784999999999996
0.8841900000000001,0.8229799999999998
0.8411200000000002,0.7676499999999996
0.8089999999999997,0.7417699999999999
0.8259300000000003,0.71882
0.8271500000000003,0.7640299999999999
0.8553100000000003,0.7752600000000003
0.84643,0.7554800000000003
0.8663500000000001,0.7664099999999998
0.8687299999999998,0.8148299999999997
0.87362,0.8156799999999997
0.8600500000000001,0.7674600000000001
0.8367500000000001,0.7493000000000001
0.8643000000000002,0.78345
0.88904,0.8200699999999997
0.8567799999999999,0.7240299999999996
0.8382299999999998,0.7253399999999998
0.88087,0.8138099999999998
0.7995200000000001,0.6862399999999999
0.8694000000000003,0.7947899999999997
0.8524899999999999,0.72991
0.8700200000000002,0.8006800000000002
0.8688600000000001,0.8084199999999998
0.8880700000000004,0.8193
0.81994,0.73083
0.86685,0.78089
0.8725999999999995,0.7962400000000003
0.8256700000000001,0.7355000000000002
0.8699400000000002,0.7933700000000004
0.89777,0.8331299999999997
0.8721500000000002,0.78204
0.8586300000000001,0.8007799999999997
0.8338800000000003,0.77162
0.8470400000000003,0.7723399999999997
0.88873,0.8184400000000001
0.8965,0.8162800000000001
0.8497699999999999,0.7646100000000001
0.8007200000000002,0.6982299999999999
0.8435700000000003,0.7235900000000002
0.8306099999999997,0.77628
0.8212899999999999,0.6831699999999999
0.8567200000000001,0.7801600000000002
0.8578299999999994,0.8072900000000002
0.8897599999999997,0.8043999999999997
0.89268,0.8094600000000001
0.8727599999999999,0.7864100000000002
0.841,0.7448100000000002
0.8594399999999999,0.7673299999999997
0.8611600000000003,0.7721600000000002
0.8513500000000004,0.8109999999999999
0.8754100000000004,0.7770599999999999
0.89,0.8203100000000002
0.8747499999999999,0.7894100000000001
0.8487399999999998,0.75189
0.8921099999999998,0.8179999999999997
0.8506900000000002,0.7668699999999998
0.8779299999999998,0.8305299999999999
0.85167,0.7338
0.8804700000000001,0.8286199999999998
0.8360299999999999,0.7372099999999999
0.8527799999999996,0.7869999999999999
0.8749299999999997,0.7814300000000002
0.8677900000000003,0.7627600000000001
0.8838300000000002,0.78262
0.8786999999999995,0.7795500000000004
0.8429100000000004,0.76776
0.8689300000000002,0.79951
0.8641699999999999,0.7932799999999999
0.8721700000000001,0.7788899999999999
0.8775799999999999,0.7898500000000002
0.8238199999999998,0.71443
0.8815899999999999,0.7898100000000006
0.8376500000000001,0.7732499999999999
0.8349400000000002,0.74116
0.8962300000000005,0.8531700000000003
0.8800000000000003,0.80455
0.8590199999999997,0.7387800000000001
0.8143399999999998,0.6784399999999998
0.88554,0.8064199999999997
0.8504100000000002,0.75322
0.8527800000000003,0.7259299999999999
0.87791,0.6748499999999997
0.8545500000000001,0.7693000000000001
0.8175199999999998,0.75642
0.84469,0.7585599999999998
0.87007,0.7769600000000001
0.8331500000000005,0.7242399999999999
0.8379400000000002,0.74936
0.8630400000000005,0.77868
0.8294800000000002,0.7296799999999998
0.8770100000000005,0.7927199999999999
0.8278900000000001,0.74862
0.8340400000000001,0.7761299999999998
0.8515500000000001,0.7462399999999998
0.83222,0.7660899999999997
0.8847,0.8012100000000001
0.8614799999999997,0.7541899999999998
0.8478800000000003,0.7758000000000002
0.8855300000000006,0.77362
0.8746900000000001,0.8141599999999998
0.8718300000000001,0.77327
0.8102399999999997,0.73638
0.8710800000000005,0.7574299999999997
0.8897300000000001,0.8031100000000001
0.8577999999999997,0.76261
0.8028399999999998,0.6453400000000002
0.8383200000000001,0.74189
0.85492,0.7259399999999999
0.8903099999999999,0.8125900000000001
0.8962000000000004,0.8100799999999996
0.8738599999999999,0.8014099999999997
0.8401100000000001,0.78337
0.89095,0.81393
0.8917400000000003,0.82246
0.8307200000000003,0.7744600000000001
0.8906599999999995,0.8068699999999999
